,ISIC 01T03,ISIC 05,ISIC 06,ISIC 07T08,ISIC 09,ISIC 10T12,ISIC 13T15,ISIC 16,ISIC 17T18,ISIC 19,ISIC 20,ISIC 21,ISIC 22,ISIC 231,ISIC 239,ISIC 241,ISIC 242,ISIC 25,ISIC 26,ISIC 27,ISIC 28,ISIC 29,ISIC 30,ISIC 31T33,ISIC 351,ISIC 352T353,ISIC 36T39,ISIC 41T43,ISIC 45T47,ISIC 49T53,ISIC 55T56,ISIC 58T60,ISIC 61,ISIC 62T63,ISIC 64T66,ISIC 68,ISIC 69T82,ISIC 84,ISIC 85,ISIC 86T88,ISIC 90T96,ISIC 97T98
ISIC 01T03,1.2443292732049922,0,5.088502715157637e-4,0.0014302209648518337,9.506893119811131e-4,0.24221770517641236,0.03406649353786451,0.068022744295088,0.006200599968778934,0.001095537626355295,0.02056739824634475,0.020567398246344758,0.010552783605693563,0.0014088026903576432,0.0014088026903576432,5.867381584514794e-4,5.835203432163419e-4,6.389199454486254e-4,2.983326004798925e-4,6.863439041379869e-4,6.807290784737609e-4,9.713141691437078e-4,3.930486846421934e-4,0.004504846566987555,4.358799692827332e-4,4.524769381926936e-4,0.0010696660892884134,0.0021985783375690175,0.0017041792391641085,9.459132852085775e-4,0.016965870980643758,6.619408906235976e-4,7.39571164497939e-4,6.427341148667667e-4,5.423315298157143e-4,5.313717153262545e-4,0.001711989931395626,0.004651532229672482,0.0029486163454794647,0.002314819419609637,0.002346552254800624,0
ISIC 05,0,1,0,0,0,0,0,0,0,0,0,0,0,0,0,0,0,0,0,0,0,0,0,0,0,0,0,0,0,0,0,0,0,0,0,0,0,0,0,0,0,0
ISIC 06,0.0012081123873470632,0,1.007146924072176,0.0011935998431050943,6.823369050101464e-4,3.8105324619103594e-4,2.5086871559786125e-4,4.248058371093096e-4,3.810488448829559e-4,0.17691745025799088,0.0011045352750342055,0.001104535275034206,2.889188537988023e-4,2.981192720041171e-4,2.981192720041171e-4,0.00192593104232393,8.192271008439777e-4,5.374910001170666e-4,7.120383197481629e-5,3.463028455940944e-4,3.072673344678462e-4,2.0643142982316372e-4,1.0909065564296459e-4,2.1955239300916558e-4,0.004217826587581766,0.0036100075076875115,0.0018877113943006122,4.7412697181356073e-4,1.2271379881703508e-4,0.00147423298864114,1.787311465895507e-4,6.487661241293449e-5,5.586214421017279e-5,8.204592656735253e-5,9.041524064508621e-5,5.3521687150007296e-5,1.0372298093492866e-4,0.0011243177340902128,2.8221617911793924e-4,9.525793327009364e-5,1.4187003510919273e-4,0
ISIC 07T08,0.0030850573718727557,0,0.02338567876781619,1.0319583409773865,0.010690911788650719,0.0017555321722118598,0.002472515567862375,0.001013080139351532,0.002222610754472615,0.007916527726146021,0.006667977677293526,0.006667977677293529,0.0028485138770226346,0.03637105900213076,0.03637105900213077,0.020555389781381914,0.020635322103331265,0.0027480500922848735,3.539304187791285e-4,0.0022324368188062463,0.0014588395175348702,0.0014230808205635038,6.212399469721326e-4,0.0013244347284227184,0.005507402674314378,0.0047285014421748345,0.0026167242943867875,0.005527237665580328,2.1994803741776344e-4,9.82301160975986e-4,6.67578628541648e-4,3.1696021006325377e-4,4.031077470117229e-4,2.994661099509135e-4,1.4157528271079286e-4,3.479411710858708e-4,5.53082320520101e-4,0.0017937716828162699,7.047487723558076e-4,4.216700080557144e-4,0.0011278077960645404,0
ISIC 09,7.136113503887534e-5,0,0.027414758377673595,0.004612445223107708,1.011230420948403,2.7261240250609932e-5,2.3402643853567667e-5,2.625019565977552e-5,2.9438012157307355e-5,0.006362459052679475,7.824454174436286e-5,7.824454174436289e-5,2.7738761197784974e-5,1.7628430333799377e-4,1.762843033379938e-4,1.6957531656709653e-4,1.3040948229923194e-4,4.1851333089848546e-5,6.119128941437078e-6,2.9175543700980282e-5,2.4244678278625855e-5,1.836396521480487e-5,9.993374572409923e-6,1.809154846597964e-5,1.9238944140362557e-4,1.6548479524029078e-4,8.97930185476308e-5,4.9193175600209884e-5,7.916608907781601e-6,7.501227812532426e-5,1.2944701195881227e-5,5.510331792684672e-6,5.8503845184310744e-6,6.051558493205536e-6,5.953241043942804e-6,8.594721683125824e-6,1.1395569606932199e-5,6.139631764728737e-5,1.610262055662924e-5,7.341412971365772e-6,1.3090502270658033e-5,0
ISIC 10T12,0.05119488332319165,0,5.218654795071054e-4,6.666379246042222e-4,7.500299321679525e-4,1.1181391359325317,0.004494161564619699,0.0035616273095486228,0.0027873158740028157,0.001491530513368764,0.008032528072075482,0.008032528072075483,0.003805663122780933,0.0029480056293762513,0.0029480056293762517,4.941214942995543e-4,4.8781355150541737e-4,5.416245869501778e-4,2.1962596953630965e-4,4.782217816649668e-4,4.8758078202311786e-4,5.956794952901975e-4,2.767751391639231e-4,9.513029105022807e-4,5.539483898148999e-4,5.241837657317762e-4,8.645048721843516e-4,6.109440670120867e-4,0.0015900548276092782,8.351289323926077e-4,0.0382839660356874,4.123686711050255e-4,4.027154091372457e-4,9.456042660312998e-4,7.632779295305539e-4,5.007939443727377e-4,0.0016427910665085743,0.010527806704932294,0.009246679968167734,0.006892178833676494,0.00467570995475608,0
ISIC 13T15,0.001904207874436746,0,6.089213977774693e-4,7.957245139411937e-4,6.893131403100782e-4,0.0012321018707895956,1.0683163155436262,0.0028165475566753035,0.01761432817202317,0.0014311929146180009,0.006549751403914485,0.006549751403914487,0.011880355249850951,0.0017507422991641195,0.0017507422991641195,3.9045159392642165e-4,3.838696034000642e-4,6.639243755555432e-4,3.636798015703195e-4,7.852996526226676e-4,0.0011601404776331902,0.004252442285111968,0.0018769178063369671,0.007686438729357616,1.8265128006227901e-4,1.9131356646748224e-4,0.0011965965886376142,9.8797277178323e-4,0.00157159510245868,3.444361291078131e-4,0.002601981931786089,0.0011382317782873829,0.001392032420732322,2.620948939170041e-4,1.5281057985234046e-4,1.7138227597532994e-4,6.395895068985477e-4,0.001716708623253806,3.7799393688954535e-4,0.002082300158195557,0.0021306520470408805,0
ISIC 16,0.0013292656216209182,0,4.6302188947627463e-4,0.001687707499714557,0.0018876000919785972,0.001023381264222709,0.00154573205751967,1.1212146168853676,0.005994609627064176,5.39331323282961e-4,8.641316208570169e-4,8.641316208570169e-4,0.005313959981290159,0.0014772798538375243,0.0014772798538375243,0.0014996826433597038,0.0015057562210730596,0.0012018007635005486,7.433753798762656e-4,0.003181165841350119,0.0022420223548293853,0.0037995918481186636,9.534885337194157e-4,0.014233140083620767,3.7910751432013076e-4,4.310508677719319e-4,5.933842451761597e-4,0.014143180889463829,0.0013070799683058347,0.002399134634922491,0.0014763096497115624,6.607031335225785e-4,8.252400461180882e-4,5.775893429616171e-4,3.47896959702273e-4,0.0011947128269650263,6.05935098945917e-4,0.0010321458364462414,3.9244561139896276e-4,8.425759143463835e-4,7.314957230480258e-4,0
ISIC 17T18,0.0017343377976218495,0,0.0012043856988083821,0.00171554075747545,0.0014346062901401824,0.009743598887293535,0.003384707508512606,0.003276755830723621,1.0644476637468168,8.927100932216421e-4,0.0033096003105891002,0.003309600310589101,0.006361500643743826,0.003753100159040838,0.003753100159040838,0.002161272709620602,0.0021692955169764993,0.002242291480254523,9.399958532277157e-4,0.003344339569623211,0.002520210363179184,0.003168469022674359,0.0011117099151172094,0.004373721726919186,5.870843985303082e-4,6.839108490755248e-4,0.0015114464339118156,0.001559689395404396,0.004582633112830756,0.002127557252982538,0.004964896188022611,0.003468399072029319,0.0014265628508648022,0.002978977099230338,0.0019311196793723544,4.7795080139175026e-4,0.0037681004879548605,0.0038928685880197707,0.00224908306574381,0.003940378232985849,0.0024197632793916376,0
ISIC 19,0.0012190104503859208,0,4.47765543446121e-4,0.0011581036469551981,5.663812524094859e-4,3.760282525540566e-4,2.106112956701382e-4,4.09888156856498e-4,3.6713824531507477e-4,1.0012903977786947,7.372410537005588e-4,7.372410537005589e-4,2.4290748535655177e-4,2.768123351611664e-4,2.7681233516116643e-4,7.506769591034311e-4,7.47263587066793e-4,5.01121606886921e-4,6.408906341851324e-5,3.203961386880572e-4,2.863429915544106e-4,1.8581190449728295e-4,9.679577980403555e-5,2.0432138204399747e-4,0.0014336454211978892,0.0012399198894174276,8.071857184455923e-4,4.791544526805775e-4,1.1421638466916831e-4,0.001507029809768413,1.6701101087425148e-4,4.9273464461572116e-5,4.859778803637432e-5,7.792861385927788e-5,8.9418714794189e-5,4.796392456889807e-5,9.829000756722398e-5,9.092308829618177e-4,1.293351212645384e-4,8.68223960994227e-5,1.273972805994743e-4,0
ISIC 20,0.02696953822869757,0,0.008622207795867568,0.010077813165619582,0.008038615199116604,0.01028284067827277,0.07965409544135998,0.012970056547531536,0.01641783712484407,0.02377803182500601,1.1074362571284375,0.1074362571284374,0.09102493725200482,0.011668011491460127,0.011668011491460127,0.004738703737123759,0.004618292762166621,0.007657105202416691,0.002972658319834317,0.007718312298711216,0.004833577074663534,0.008948276399075321,0.002646249283125555,0.014860437802059574,0.0042845145773199155,0.0037946617319303123,0.005993974549341149,0.005208341740016204,0.001435236569245684,0.004512495686300641,0.0022588342213874374,0.0012646347960522275,0.001377751307124442,0.0010960031723681798,5.732378794557285e-4,0.0012396282739171583,0.004950693198943933,0.0065706727703301205,0.0015364239116351978,0.007650208365745209,0.0032886083749128167,0
ISIC 21,0.008989846076232523,0,0.0028740692652891903,0.0033592710552065256,0.002679538399705534,0.0034276135594242547,0.026551365147119955,0.004323352182510509,0.005472612374948024,0.007926010608335336,0.035812085709479115,1.0358120857094797,0.03034164575066827,0.003889337163820041,0.003889337163820041,0.0015795679123745867,0.0015394309207222073,0.0025523684008055634,9.908861066114383e-4,0.0025727707662370728,0.001611192358221178,0.002982758799691772,8.820830943751844e-4,0.004953479267353188,0.001428171525773305,0.0012648872439767703,0.001997991516447049,0.0017361139133387335,4.7841218974856105e-4,0.0015041652287668796,7.529447404624787e-4,4.215449320174091e-4,4.5925043570814694e-4,3.653343907893929e-4,1.9107929315190944e-4,4.1320942463905286e-4,0.0016502310663146422,0.0021902242567767064,5.12141303878399e-4,0.0025500694552483996,0.0010962027916376056,0
ISIC 22,0.0032998070016766086,0,9.756846177710096e-4,0.007131965042066609,0.00501717296184593,0.008755841902613208,0.004195704705965972,0.0054945700486165976,0.01019969361317332,0.001187468439112719,0.006292117010833411,0.0062921170108334095,1.0284697866673103,0.003938868457813774,0.003938868457813775,0.0016829140776373546,0.0016860474388619552,0.0032822284657244363,0.0031980351220806708,0.006764686227719515,0.011740927319760949,0.016492428596103437,0.004413299002468904,0.011712608246325053,3.968738240447467e-4,6.088556151384954e-4,0.0014962691483700384,0.007340833030796589,0.0024783158595894543,0.0017639159191890543,0.0023648656408433886,0.0017662571951516774,0.0023584934861846903,0.0013846503191822625,3.04386299167744e-4,4.046279405821749e-4,0.0013922003248166741,0.0025494208008653234,0.0010990458431357087,0.00271821479716257,0.001824406110659847,0
ISIC 231,3.5689372731235655e-4,0,8.537586916771632e-4,0.001310098108631929,0.001742834041384215,9.891192553375854e-4,3.065144170917369e-4,0.001867136461045096,4.096775142790131e-4,0.0010020843301956483,6.250370403945365e-4,6.250370403945364e-4,0.0016500003553264642,1.0189825666917804,0.018982566691780545,0.0020758910333747863,0.002082682140258837,0.0011494418238625064,2.661264122058503e-4,0.0028339331488252367,0.0012206840785585293,0.00245636429389718,3.6625614771264883e-4,0.001104698524604587,3.5695551772744967e-4,3.362683182722197e-4,5.551063796536283e-4,0.0071442278658952665,1.7329446319756873e-4,3.9012072915065716e-4,4.982500339453186e-4,4.8577102829816505e-4,6.91652079753585e-4,1.9437445412517817e-4,9.271324936857397e-5,2.605380502667671e-4,3.5937927559256326e-4,5.632389262105611e-4,1.6426825523759662e-4,5.536286376256666e-4,4.4224054974517874e-4,0
ISIC 239,0.0010706811819370693,0,0.0025612760750314905,0.003930294325895786,0.005228502124152645,0.002967357766012757,9.195432512752108e-4,0.005601409383135292,0.0012290325428370393,0.003006252990586943,0.00187511112118361,0.0018751111211836096,0.004950001065979395,0.05694770007534168,1.0569477000753416,0.00622767310012436,0.006248046420776514,0.00344832547158752,7.98379236617551e-4,0.008501799446475717,0.0036620522356755874,0.007369092881691539,0.001098768443137947,0.003314095573813762,0.0010708665531823493,0.0010088049548166594,0.001665319138960886,0.02143268359768581,5.198833895927061e-4,0.0011703621874519718,0.0014947501018359557,0.0014573130848944962,0.002074956239260755,5.831233623755347e-4,2.7813974810572207e-4,7.816141508003013e-4,0.0010781378267776893,0.0016897167786316843,4.928047657127902e-4,0.0016608859128770005,0.001326721649235536,0
ISIC 241,0.0022038553380945903,0,0.004108765334417105,0.0032221506641149054,0.0027031424907844976,0.0017183547804806123,0.001029820815822907,0.0021534175845626365,0.0017391092800561904,0.0025023270221366718,0.0015661660636227908,0.0015661660636227903,0.0025591779260086393,0.0030171586777826137,0.003017158677782614,1.0704544822343065,0.07088423402080686,0.036218638455130577,0.004028171991877113,0.02480876434920413,0.019718385006593283,0.015525185165666476,0.0063494697285353,0.008773825734157569,0.002003166774823457,0.0018395485481787078,0.002327506279388684,0.0029584800893085053,4.556692484520925e-4,0.0024628473183587263,5.521798362504525e-4,5.39537630586864e-4,6.987892807637739e-4,5.18694516412412e-4,2.0318050268882347e-4,2.827596043411531e-4,5.413430066086868e-4,0.001588993024777114,4.839909883919586e-4,4.485464688986413e-4,8.840586252310836e-4,0
ISIC 242,0.003231576855895711,0,0.006135890681863328,0.004762727491128779,0.004020235793132049,0.002554641793224132,0.0015319104528741074,0.0032051748085025348,0.002586314713683732,0.0036749387433469495,0.002304370217555431,0.0023043702175554307,0.0038239801170115452,0.0045088873178113515,0.004508887317811352,0.10563602657507291,1.1062808620407387,0.054297452361152805,0.006038356624433792,0.03719364270058741,0.029560146640997164,0.023276466617997028,0.009518312237840896,0.013148300723141059,0.0029174783025680924,0.0026838438279590928,0.0034421227234232256,0.004408552042930694,6.765510542565503e-4,0.003602531910033977,8.181031111538851e-4,8.063069685951744e-4,0.0010452255750477131,7.732979412047076e-4,2.993274711867626e-4,4.212196462752254e-4,8.06031195196399e-4,0.002328140935029078,7.181133248418655e-4,6.675344690380595e-4,0.0013183327443866155,0
ISIC 25,0.005448055495960364,0,0.016966526184708793,0.008337703295651996,0.007353231303687217,0.011938943784083772,0.006955382431851417,0.0179103445101597,0.011923411689202447,0.006117654519328726,0.008480150011354694,0.008480150011354692,0.0188358523825198,0.009125873255185688,0.00912587325518569,0.013921919944982018,0.013971276687215225,1.0564884342286711,0.011654384319516178,0.04005830959769354,0.03920585466162393,0.02815008280472481,0.02421810880097042,0.01961763418757883,0.001934777842616219,0.004216479640750157,0.011516723362813543,0.02881925098996683,0.0016554083374059401,0.003570885926309762,0.0036921416882985574,0.006157809757718838,0.008531814269958372,0.0034647647955811994,7.283395420631039e-4,0.0013415828709787243,0.0022958834941001274,0.0037785113857081317,0.0015385036554545735,0.001990881002488677,0.0040105394262281375,0
ISIC 26,8.98069846443357e-4,0,0.0011439187504889842,0.001355496510668192,0.00205571761248295,0.0026986129996206896,0.0036299245458729537,0.005825859669858739,0.0035142288547172404,0.0011665929922426953,0.003853947686110135,0.0038539476861101335,0.004746046064401813,0.0025702346473280664,0.0025702346473280673,0.003044545421012565,0.0030564222100372355,0.007956654613643378,1.0511418397351602,0.010190633866417033,0.009384509191052019,0.019333701160643067,0.024228292022543556,0.005797439166607859,5.549823893354215e-4,6.19034608446463e-4,0.0039352906035908485,0.0034778013102117217,0.00640064424091339,0.0012834399858686675,0.001184583442521604,0.010141703267954914,0.01321597200130663,0.00752080989160369,8.35745449923686e-4,4.173038807183074e-4,0.004700683321969581,0.0030615101424134286,0.0016950270661593761,0.002312076845195254,0.003006362980168919,0
ISIC 27,0.0062074106531557986,0,0.001262544848890881,0.0019389354149193976,0.004857940292142124,0.003065614844445073,0.0013594494235293156,0.004034415552525067,0.0020651981698524943,0.0011227972522262005,0.0015819748630397736,0.001581974863039773,0.0034570257607105534,0.0011549272655743943,0.0011549272655743945,0.005456884103217488,0.005484294294421078,0.00644988214550476,0.0056416264598538515,1.050223654113056,0.026801933488054257,0.008241865299077463,0.004217156140946865,0.003749130784653136,4.714013710260153e-4,5.070775554829982e-4,0.005299244402294054,0.01401528405565625,8.796692468408003e-4,8.8179526038e-4,0.0016044192829359467,0.002610829026114999,0.003728676450450085,0.003533123735078858,3.638393298014749e-4,7.652066312648798e-4,0.0016929069383006612,0.0019997907823801325,0.00114288958896242,0.0011877703206250097,0.0030555341721004237,0
ISIC 28,0.0077134914721583665,0,0.018293803215216408,0.025296418589496814,0.02835582583718764,0.006460276490751061,0.002770331708225218,0.00551109552530001,0.01008293858147438,0.005304480863537626,0.006142722820458943,0.00614272282045894,0.007542483492266399,0.0032326802223406155,0.0032326802223406163,0.004586772818915285,0.004582233797107967,0.011981441370585258,0.003344809488130784,0.01629976125008941,1.05948459173553,0.03984307426031134,0.016879965828155645,0.00524805174825029,0.003319331021189844,0.003247563961264404,0.02032491741750444,0.01360461806106738,0.0020698513513778714,0.005711922706104915,0.0020727684838428603,0.002101771889287124,0.0025647316190554642,0.004152562158016034,8.317516449647902e-4,8.961127408989758e-4,0.0028684456020798793,0.0030082988639378865,0.0037702150416001378,0.0018692353379522195,0.0053304664806666565,0
ISIC 29,0.0037773473305853507,0,0.0034276304722830045,0.006897060656311138,0.005124188221645856,0.0060544009834630035,0.0023268556396996306,0.014393755852772208,0.004352881623091568,0.001682653233108777,0.002624572474915126,0.002624572474915125,0.0035933428962622973,0.004092093161735376,0.004092093161735377,0.003675619748833858,0.003688223924785217,0.00463190857281815,0.0029016023620684677,0.00589078239310667,0.022863301420407108,1.1671426261550735,0.017284754482859887,0.005282521687044712,7.944477325388475e-4,8.283392711056332e-4,0.006274462202642352,0.0025609736477545074,0.004317837480448345,0.008451082154557013,0.0019385965646370694,0.0016448614642397084,0.001942637531755436,0.0011164464739632648,5.906688946932272e-4,4.1493521524203916e-4,0.003942062285842273,0.00407740151460368,0.0015883271585509881,0.0022665281032936777,0.008460151139729545,0
ISIC 30,7.605343663754219e-5,0,5.5896315300768474e-5,1.228285278241321e-4,6.428117500356529e-5,1.062223685504706e-4,8.236008580585769e-5,1.326835375491189e-4,8.977770766184662e-5,7.116558682963908e-5,6.856573364710453e-5,6.856573364710451e-5,8.487247819844194e-5,1.3138591298602e-4,1.3138591298602e-4,1.0235058400394326e-4,1.0254780818624958e-4,1.246218919515668e-4,3.960915954228613e-5,6.372522375790969e-5,2.0693961048859856e-4,3.784033983840126e-4,1.145532007679077,6.200958244669317e-5,8.616303787007945e-5,8.495386900383537e-5,2.277574623432384e-4,6.070714296394158e-5,1.0608033678327018e-4,0.0020138090276685915,6.852595990479204e-5,4.3298807024361845e-5,4.27235148292383e-5,6.483475274993955e-5,4.213327076423697e-5,2.6137339744193293e-5,1.6300180057362182e-4,0.003251556259300587,4.0123771334173604e-5,6.506403236425762e-5,1.28075505913214e-4,0
ISIC 31T33,0.0032266042720339606,0,0.005427900158143771,0.006069237836839466,0.005709206694620254,0.005157864741483348,0.015536402642039848,0.007811365623831941,0.009109964860951196,0.003360345381560788,0.008042015626637106,0.008042015626637105,0.011724961375914647,0.004406295677287172,0.004406295677287172,0.0034157925000376245,0.003416143165857527,0.007080271189313155,0.00795072618364079,0.00883181047701441,0.011367526262090121,0.011057603590572193,0.008558242401882658,1.0281362825094422,0.0021280804500829506,0.002350022187513576,0.004975128459205109,0.010752110268053857,0.005463138743763327,0.0038826345126021836,0.005420507493110285,0.00441833456109853,0.004949241444599626,0.0045739022858573295,0.002105930215237143,0.0023493885837828875,0.0051191359907376425,0.004410388976399747,0.002855049572772049,0.014969449334909924,0.005075173268819592,0
ISIC 351,0.004596135640745294,0,0.004973420596759635,0.0063011297987685564,0.0012920786520036424,0.002690632495224471,0.003324356446848679,0.0030842752236601963,0.003720897896144321,0.015481895301168178,0.0032819760632129933,0.003281976063212993,0.0036269309693704394,0.005012354106088022,0.005012354106088023,0.004071460786293752,0.003999297444274603,0.0024796742585362053,8.175915216379096e-4,0.001470175538863887,0.0015326058857846844,0.0013806350811924092,0.0017546938723413351,0.0013940005380909937,1.0093176650207536,0.00857923662823966,0.0049716873066589775,0.0013412651555200516,0.0021821342259924405,0.0017668196751919978,0.0035088205359978426,0.0010516517049937054,0.0013058508366882967,6.794096592693126e-4,6.033777284468096e-4,0.001052511743504541,9.627113997364633e-4,0.001687969379529351,0.002364267216243358,0.0014575589736555317,0.0018857654840630721,0
ISIC 352T353,0.0014971984279104989,0,0.0017850075063554057,0.0020514150209086555,4.255282799810354e-4,8.757059996602968e-4,0.0010810012076259894,0.001001916077206931,0.001208755794270097,0.004902790311230493,0.0010698237143800897,0.0010698237143800895,0.0011778709249093107,0.0016272932862606319,0.001627293286260632,0.001320595472170448,0.0012979404934303001,8.059219761328428e-4,2.6616083860888593e-4,4.782526516048869e-4,4.990723808203059e-4,4.486452813569369e-4,5.700998661300194e-4,4.546274792602331e-4,0.003140253110695063,1.0028830863559846,0.0016580582094901184,4.377034540729712e-4,7.108079415334363e-4,5.841866269724013e-4,0.001141251199177081,3.432834167766946e-4,4.2565020154904424e-4,2.238255137889283e-4,1.9790727982114565e-4,3.41449158219483e-4,3.158521547710888e-4,5.615335916031792e-4,7.680351147078192e-4,4.7565179375463125e-4,6.135829391422799e-4,0
ISIC 36T39,9.330897417057989e-4,0,0.002375099450756038,0.0012532921136299664,2.8441287633560185e-4,5.488089182920302e-4,6.594698437331668e-4,6.235887176648669e-4,7.380287535635999e-4,0.04301111089798297,7.509526682997185e-4,7.509526682997183e-4,7.226752915874672e-4,9.915610093936265e-4,9.915610093936267e-4,0.0010931402282001322,8.280371902528139e-4,5.124570768359554e-4,1.631627379294199e-4,3.078844800887926e-4,3.2001666190996375e-4,2.8410666748520844e-4,3.4404805424827396e-4,2.875139833261854e-4,0.002426540501420879,0.0021904193462354195,1.001357772812848,2.853626246366234e-4,4.406519417275538e-4,4.6592460611721766e-4,6.850691545694493e-4,2.116325979533249e-4,2.5670888789922145e-4,1.4658750038684708e-4,1.2659213015198383e-4,2.0712719960142557e-4,2.0235740743563893e-4,4.3120005687436315e-4,4.916892099155532e-4,2.9718120710535304e-4,3.7474560832791013e-4,0
ISIC 41T43,0.006022529727618793,0,0.0027998422509684182,0.03361426058359386,0.021254825493222645,0.004504409001427668,0.003965788560593551,0.00456459997185162,0.006463158359741072,0.016244328139218202,0.00420883622735815,0.004208836227358149,0.004978195404607242,0.009240851978286488,0.00924085197828649,0.006750213268616591,0.006690169362516153,0.005395282917946228,0.002200091202441237,0.0026868448694916352,0.0038068354499264795,0.0027639914106496453,0.0023293308253593136,0.003348801793795074,0.012159439675409027,0.013179745117288467,0.006748830406347837,1.0017899523895024,0.005605672336097873,0.0075979655515228785,0.007525514024258287,0.0034906838569306988,0.004418433884841067,0.0018688868452125405,0.005904097178888383,0.03119566858435235,0.0034754674334916743,0.021352308234609683,0.008401373356683228,0.00439265022965294,0.0076588727764136414,0
ISIC 45T47,0.04517185002743952,0,0.01171820367659978,0.020299276117191064,0.016286928909342847,0.041905919228926725,0.025679914516156734,0.038554821680726936,0.029252594877033862,0.017718175089949884,0.030180353991484696,0.030180353991484693,0.028759158217157146,0.020630791092659216,0.020630791092659223,0.03300403797034978,0.0331007107964072,0.021735821423679,0.012228925517426693,0.02638339063415693,0.033468446213743994,0.04366415272191273,0.016858096153020332,0.026473590289262706,0.012702659363647974,0.012115149420676872,0.017181995474188735,0.06333359526932611,1.0123923140601503,0.02859014519698002,0.02064865324252214,0.010407378273557274,0.010782949396210882,0.007224687303647744,0.004864235951104966,0.006610475798564335,0.010430006481047253,0.011603254072898542,0.007203107307151909,0.012076475115824582,0.015330490475930483,0
ISIC 49T53,0.030825659805688337,0,0.007738507719531858,0.026053063142302758,0.012164038268289691,0.0402708349028416,0.025875313448516065,0.041856808087634936,0.029767692324132764,0.02248567851419715,0.019198019073645694,0.01919801907364569,0.029320956249247607,0.053972915178980466,0.053972915178980466,0.04203550320478535,0.042159142728216505,0.018272893704524923,0.004900849511385554,0.01523212847995872,0.015270783175134275,0.016591705983026086,0.008239043187494773,0.017086575488886428,0.03127793676665366,0.030191374580326422,0.028846930083107857,0.016229968149778038,0.03327942112554792,1.1352761622648693,0.011017091852465005,0.006606322546592141,0.005232161085019326,0.015835952018878177,0.010618492044657856,0.0044319729986624125,0.01408355753700561,0.01605344014291871,0.007081744069193691,0.013364544441397409,0.00901076335593217,0
ISIC 55T56,0.0022237507118094426,0,0.0018246597668889345,0.0022236179858883907,0.007124606090009593,0.0025608446346775137,0.002252078588959481,0.0032133967495371865,0.0041704509422446825,0.0019206502704111658,0.001799108392147578,0.001799108392147578,0.0036381853983159028,0.00444231231853926,0.004442312318539262,0.0027602839574547367,0.002765594077139481,0.0031599109270407434,9.334088899085736e-4,0.0016581891119737248,0.0027640933528696953,0.0019561524377574714,0.001404063588931662,0.003090631218434445,0.006588026810679194,0.006056273631033589,0.00920199678214777,0.0018854958309849836,0.006076518838976396,0.0066869903113624795,1.0178812806222703,0.003731446926879578,0.0035188082488216005,0.017847054174755766,0.01616860750548182,0.00908271220746123,0.014239702540051706,0.006469573259689462,0.007215821280216761,0.023322955616320595,0.005943375150520217,0
ISIC 58T60,0.001155628519426872,0,0.0018489855264864083,0.0018122361117244002,0.0027940251938535754,0.001474005805390885,0.0012901681652673649,0.001666445833521628,0.0019572638345694217,9.173758113913055e-4,0.0010617385366604854,0.0010617385366604852,0.0012171288117460823,0.0026457487785598107,0.002645748778559811,0.0010764986843939854,0.0010775050297958712,0.0017374868868886067,7.415299729382886e-4,0.0010026929217896432,0.0018025873598438197,0.0010075218132672285,0.0012966316377381562,0.001655002415221725,0.0015181390246800483,0.0024952252048951224,0.0028550390258671047,0.0017132746440212609,0.0027008713031854738,0.0024498827516170178,0.004228981461643418,1.0283321245212642,0.03420281688305534,0.004279633735592767,0.0027935884469024786,0.001079453191066091,0.00360210855589621,0.00752927471014529,0.0027013251136097463,0.0025735943861207944,0.0029333180263381078,0
ISIC 61,0.0025482031688482316,0,0.004491362553603375,0.004422981022479737,0.006563049262794094,0.0034519642095606476,0.0030117488901418806,0.0036877414939958377,0.004368413079164837,0.0021883684048995527,0.0025814556531956645,0.002581455653195664,0.0028065628137681846,0.0059418653607103975,0.0059418653607103975,0.0024872742045210423,0.002489164583140846,0.003968184312171518,0.0017500872362001057,0.0023645392549887785,0.00418556134666061,0.0023847675006633618,0.0028973045185136806,0.0038255684933154017,0.0033775576944397767,0.005501091689115614,0.006450642949789313,0.003816776086088889,0.00602782081193198,0.005590507417064431,0.009014253790630417,0.05077796798814838,1.0664939451454445,0.009145526778302911,0.00611439772952896,0.002466212817525404,0.007738510493152484,0.015827089631013123,0.005452131206027443,0.005546830243295946,0.0064386188457246675,0
ISIC 62T63,0.0014833192837255447,0,0.007124947928604536,0.0042850027164483195,0.0024413870447260793,0.00228804768358158,0.002258265255961408,0.003099691653068868,0.0033827977909334705,0.002614572102750938,0.001450062502562786,0.0014500625025627857,0.002366616666838671,0.00373023315204775,0.0037302331520477506,0.0021346206035787398,0.002131585232389132,0.003849797556379202,0.0013654704573924999,0.0018691005124928356,0.004562323688194018,0.0018823569253876775,0.004702975978980059,0.0032389942234234965,0.004304850624793092,0.003947829896695431,0.005121463108666825,0.002740239334750871,0.005842294989000897,0.0034525560256399262,0.005315776054696882,0.00783472948435756,0.006423133827913886,1.0108005408613663,0.006455991811016854,0.0011647361336892938,0.007484063008241197,0.009358450823380387,0.004733588067495233,0.004106144051457709,0.004533112955451029,0
ISIC 64T66,0.008830234344326688,0,0.02165742170892009,0.02418593531473951,0.050381969682891076,0.011123240149404807,0.010260319288975138,0.007493209207213914,0.009222586399965914,0.008594635227390878,0.00989147387865917,0.009891473878659166,0.00868476843340878,0.01176475437249481,0.01176475437249481,0.011088868855611092,0.011104643209703766,0.01235518792257937,0.006988312428465001,0.010863374352718455,0.013709865375295855,0.010707651152613707,0.008239581813676924,0.0136158190245523,0.010646686399112978,0.012854063144149976,0.01463065721525221,0.0076420449706728595,0.018328730333917912,0.02208488756003489,0.02228294936593069,0.013666562980084928,0.013961420898611151,0.014440887341212422,1.05812610725564,0.018754813851469765,0.020104615891236913,0.01214936673068528,0.011124354101563507,0.019354096329494364,0.014849123148684761,0
ISIC 68,0.016833550739170696,0,0.012161432399440399,0.00937421372549233,0.01601203009486483,0.015102089301070975,0.017777917278285312,0.014225415736259888,0.02397694608564775,0.007151221080190865,0.012207896716475696,0.012207896716475694,0.018213865063390004,0.01523841037567654,0.015238410375676541,0.00813744612518232,0.008143683336844747,0.019766252699210403,0.011912670612024124,0.01081872935548309,0.012613471473131858,0.009846466466425625,0.008340006422492902,0.018172954269674847,0.021659196730466387,0.0205591119766245,0.030137133226769336,0.017332831632718766,0.0694431674426451,0.029685570119108433,0.05325826930224509,0.03439551654146186,0.038657476392998866,0.024821369795541882,0.029213658235843258,1.0382164314870475,0.05249306975299354,0.01617099615523469,0.09806609337809799,0.0797325549155654,0.09302329713710217,0
ISIC 69T82,0.010737277477642406,0,0.05783265436265137,0.05460682688882575,0.056231015596838636,0.03044042582855521,0.025305777910493137,0.016504857798841022,0.02693236980452072,0.024296681424139217,0.03071376774593175,0.030713767745931746,0.021479560400976972,0.02796117585354182,0.027961175853541825,0.019986248801334247,0.019958988207252174,0.02970722633423457,0.01821142625127408,0.022178355133694365,0.03574687497397205,0.023505133085771478,0.02319865110858895,0.031534193437348,0.024251235151395708,0.025349488820810687,0.04064097957881659,0.021715262982863217,0.04764007886310173,0.04208581355785462,0.053953808268692255,0.0360729846231948,0.03536859403482567,0.048746729437250294,0.027341000223236437,0.017573494245739812,1.0506891508130172,0.02227941269756727,0.025513747823092372,0.04448568846280755,0.03274462174532783,0
ISIC 84,0.003970589833235892,0,0.005587772512149548,0.007036680536404942,0.00531428312681728,0.006283922158288738,0.00773534058075385,0.00455219683547027,0.007093992301377237,0.005020116364980808,0.006095218467002503,0.006095218467002502,0.005392226551170227,0.0072691649148652554,0.0072691649148652554,0.005253416970051589,0.005254892439836291,0.004658699216795029,0.0020197585005273825,0.0032418254246413536,0.0044948276667958875,0.003301495009186009,0.003248794158415012,0.004419930215709601,0.007007467023978178,0.0070193326027435735,0.011485722153347616,0.0029838834377903436,0.00739138683031696,0.008730751338282732,0.009348787608433006,0.004397730552162717,0.004398875526786167,0.005578325521187373,0.004398731137254075,0.003520367655738641,0.006757275837037195,1.0072464581681126,0.005407346297963163,0.007904837674343485,0.006786114589245414,0
ISIC 85,1.840271752555363e-4,0,6.887493333732425e-4,6.424714713514953e-4,7.366700716643756e-4,3.910624151255184e-4,3.309371467917699e-4,2.772941705562726e-4,4.214152816096927e-4,3.205681989920303e-4,3.652681604072324e-4,3.6526816040723234e-4,3.2519846263334614e-4,4.2053279930647186e-4,4.2053279930647197e-4,2.9099934420831177e-4,2.908123410422105e-4,4.0934615435536605e-4,2.1634054106038547e-4,2.809543904147792e-4,4.6978141824437626e-4,3.045861051227141e-4,3.1510172655845915e-4,4.186226219314482e-4,4.7081027806711214e-4,4.6443580574035933e-4,6.7916544837049e-4,3.008695669359686e-4,8.436972834313107e-4,6.172590589563613e-4,9.744465663600483e-4,5.047457837797137e-4,4.7768024701583646e-4,0.0010065622363266294,6.910175969943117e-4,3.872772840345456e-4,8.99178431315143e-4,9.08908348905957e-4,1.0014326190103497,9.810591090594018e-4,0.0010256748681923313,0
ISIC 86T88,3.0555757646746917e-4,0,7.665336444954082e-4,7.466747607852714e-4,6.795418526395274e-4,4.865171372144389e-4,4.016745047024438e-4,3.8416840274482897e-4,4.6443247450683386e-4,3.912450712455493e-4,4.303113276210438e-4,4.3031132762104364e-4,3.802456181802429e-4,4.623406222097829e-4,4.6234062220978293e-4,3.7212213736958843e-4,3.720011976441202e-4,4.670055892564194e-4,2.4404019803059531e-4,3.4594849961551183e-4,5.716019069204403e-4,4.127688063240484e-4,4.05587368914236e-4,4.7581339410411735e-4,4.4333751747489353e-4,4.3731331077214125e-4,6.204963491378622e-4,4.802835704464979e-4,6.697882578090458e-4,6.070686751349394e-4,7.832201368463094e-4,5.280915645859608e-4,4.766504586952776e-4,8.382783305617755e-4,5.211056166177023e-4,3.0780181716645995e-4,8.000433780169622e-4,0.004087476069646474,4.3799547678372697e-4,1.0118746450394187,6.104756814655332e-4,0
ISIC 90T96,0.0025771628835628314,0,0.0019575482512953256,0.0030014956446389423,0.005797958575380231,0.003995099148051031,0.003711602274783763,0.004708076777752151,0.006209289086418813,0.003727677398071479,0.00388051034164045,0.003880510341640449,0.0050108095970269675,0.008403267225867907,0.008403267225867908,0.00619207223860149,0.006207657882383552,0.005560576462418063,0.0020528899731130515,0.0026260197268540494,0.0040816368081513215,0.002990365766768187,0.0024499700647264357,0.0037710686469103736,0.0032229658997502625,0.004421360701603629,0.020030184016313353,0.0047789014888501265,0.008552086067067713,0.013174051092501438,0.010522351292089897,0.014184305115810635,0.016621082986464177,0.006087906741902393,0.006469413445328603,0.007238000733172744,0.011114273638961683,0.010060245880567488,0.00816800927993015,0.009533063729977266,1.0114878147803499,0
ISIC 97T98,0,0,0,0,0,0,0,0,0,0,0,0,0,0,0,0,0,0,0,0,0,0,0,0,0,0,0,0,0,0,0,0,0,0,0,0,0,0,0,0,0,1
