Pollutant:,CO,Unit: grams,,,,,,,,,,,,,,,,,,,,,,,,,,,,,,,,,,
,2015.0,2016.0,2017.0,2018.0,2019.0,2020.0,2021.0,2022.0,2023.0,2024.0,2025.0,2026.0,2027.0,2028.0,2029.0,2030.0,2031.0,2032.0,2033.0,2034.0,2035.0,2036.0,2037.0,2038.0,2039.0,2040.0,2041.0,2042.0,2043.0,2044.0,2045.0,2046.0,2047.0,2048.0,2049.0,2050.0
agriculture and forestry 01T03,0.0,0.0,0.0,0.0,0.0,150740.18379281537,151779.44862155386,152815.3717627402,161602.79965004374,165008.2082082086,166748.52839484683,168112.52537982014,169435.15538994267,170629.92961310523,171953.24722556391,173236.52175631208,172928.68218778554,173037.12692024888,172299.0535229402,171979.0995090566,171613.55865092354,171472.70186491954,171276.3402298425,171283.57272512943,171283.2957411135,171276.5772935042,171209.7969509839,171456.15906068715,171634.74289793643,171886.45476101586,172345.6312308237,173811.39390452587,175299.94068343964,176835.2646071586,178160.71588916294,179521.4049404265
coal mining 05,0.0,0.0,0.0,0.0,0.0,0.0,0.0,0.0,0.0,0.0,0.0,0.0,0.0,0.0,0.0,0.0,0.0,0.0,0.0,0.0,0.0,0.0,0.0,0.0,0.0,0.0,0.0,0.0,0.0,0.0,0.0,0.0,0.0,0.0,0.0,0.0
oil and gas extraction 06,0.0,0.0,0.0,0.0,0.0,52718498.64120782,53670268.969804615,50853895.291442744,51019953.07976974,55207279.022909075,56158768.52721036,54209666.52378464,55284971.15516855,57021932.05172432,58250348.807597205,59838563.452384554,60969668.15326376,61900295.34134081,62337021.82066332,62507932.930292845,62950157.114829116,62869703.82749155,63016323.17884483,63256122.64246926,63312993.08947429,64358144.909039475,64596153.99910103,65165453.80708352,65322033.73896462,65606234.263347305,66083421.38519319,66616698.28567013,66857608.52693013,66588245.54117672,66890724.62397599,67495237.11756991
other mining and quarrying 07T08,0.0,0.0,0.0,0.0,0.0,0.0,0.0,0.0,0.0,0.0,0.0,0.0,0.0,0.0,0.0,0.0,0.0,0.0,0.0,0.0,0.0,0.0,0.0,0.0,0.0,0.0,0.0,0.0,0.0,0.0,0.0,0.0,0.0,0.0,0.0,0.0
food beverage and tobacco 10T12,0.0,0.0,0.0,0.0,0.0,0.0,0.0,0.0,0.0,0.0,0.0,0.0,0.0,0.0,0.0,0.0,0.0,0.0,0.0,0.0,0.0,0.0,0.0,0.0,0.0,0.0,0.0,0.0,0.0,0.0,0.0,0.0,0.0,0.0,0.0,0.0
textiles apparel and leather 13T15,0.0,0.0,0.0,0.0,0.0,0.0,0.0,0.0,0.0,0.0,0.0,0.0,0.0,0.0,0.0,0.0,0.0,0.0,0.0,0.0,0.0,0.0,0.0,0.0,0.0,0.0,0.0,0.0,0.0,0.0,0.0,0.0,0.0,0.0,0.0,0.0
wood products 16,0.0,0.0,0.0,0.0,0.0,0.0,0.0,0.0,0.0,0.0,0.0,0.0,0.0,0.0,0.0,0.0,0.0,0.0,0.0,0.0,0.0,0.0,0.0,0.0,0.0,0.0,0.0,0.0,0.0,0.0,0.0,0.0,0.0,0.0,0.0,0.0
pulp paper and printing 17T18,0.0,0.0,0.0,0.0,0.0,477922649.34605867,484812325.0265111,513643895.18495905,532257341.12590057,526912825.5523525,526453343.9746172,528484128.1822423,528071356.0189341,530284834.5167859,533895127.2137059,536633111.23966306,541989380.6405385,547170537.4820141,550287822.594429,554278934.2996545,558114380.9627632,559223618.4498053,561344418.0786114,566740908.3457563,567049297.0624055,572226988.9413707,579461727.832416,584998345.1904148,589137197.2447691,591376054.1464013,593270646.1619416,595324071.4950933,595202863.9519329,596069849.4568597,597724181.808279,599681034.4749373
refined petroleum and coke 19,0.0,0.0,0.0,0.0,0.0,465150.9017352166,466486.4468106576,467926.48646858946,432833.7393231821,566332.2253695965,595164.5887967186,628861.4423103026,654831.1773177721,650541.5488634951,636866.5559695747,633265.2146195907,624324.0590290503,640257.3400446167,643877.6768667577,642797.173517082,654151.5617097769,655253.8855831433,662823.8716218106,655545.1038631079,656043.7432223273,657196.7125781309,650610.1916822289,656552.6342306933,653831.5705809803,658157.525425212,660222.9659271698,708720.6542203253,708383.7615658143,678186.3929400677,659745.0499944051,666437.5853660682
chemicals 20,0.0,0.0,0.0,0.0,0.0,494474308.93050057,394280019.19100904,371149859.2279262,403789519.16425645,445527410.1092494,401766858.65782785,371538590.7916953,384948758.35133,400029970.9431824,415178056.1202586,428969597.73684156,438894011.6065071,448559399.41680086,462005954.2531867,472884389.5188174,482432478.2795627,495295480.075554,507579279.9955646,517554160.3391316,524607786.2600095,532954082.18541807,541807506.7266879,558957355.959626,576153157.5852869,589324338.6480788,604204663.7642348,611092659.8855492,613929287.8927121,616507766.2621869,625967355.9892364,638139334.3594792
rubber and plastic products 22,0.0,0.0,0.0,0.0,0.0,0.0,0.0,0.0,0.0,0.0,0.0,0.0,0.0,0.0,0.0,0.0,0.0,0.0,0.0,0.0,0.0,0.0,0.0,0.0,0.0,0.0,0.0,0.0,0.0,0.0,0.0,0.0,0.0,0.0,0.0,0.0
glass and glass products 231,0.0,0.0,0.0,0.0,0.0,0.0,0.0,0.0,0.0,0.0,0.0,0.0,0.0,0.0,0.0,0.0,0.0,0.0,0.0,0.0,0.0,0.0,0.0,0.0,0.0,0.0,0.0,0.0,0.0,0.0,0.0,0.0,0.0,0.0,0.0,0.0
cement and other nonmetallic minerals 239,0.0,0.0,0.0,0.0,0.0,2672064735.4123654,2796221080.0825815,2666293000.0,2779412730.503455,3162198431.5866127,2878016063.2603607,2664335568.0936537,2532068855.767014,2424071679.4652143,2391559992.9890594,2354602297.2858624,2321687284.8678336,2292107015.747469,1901604357.5157933,1828881463.9936557,1748113534.6117256,1670997394.750649,1623022192.0588465,1582435721.7247105,1516782304.5297272,1474485878.9455285,1428520240.0839407,1388910962.7915957,1359210763.4353426,1337222064.1323678,1302672728.7403927,1280539299.5419545,1260665969.951505,1239474743.8541358,1224530384.7288036,1213341496.1745002
iron and steel 241,0.0,0.0,0.0,0.0,0.0,2061537585.6851907,2085279458.539424,2459757661.689854,2394352113.695937,2321163412.7274923,2166110156.347671,1948715216.869563,1867593849.979724,1893525676.792673,1899656039.9473956,1877741691.571609,1837260544.2350154,1768958766.436876,1769004934.551191,1799090711.6974938,1807325044.5085998,1826322510.3310814,1846474581.2201247,1863790161.93271,1886113514.9594676,1902195107.0851903,1907744011.2270594,1926717625.685375,1962135689.2034497,1982704811.0957193,1988965251.9380755,1983094899.2890985,1959823140.252507,1932992924.4739594,1934074627.8088171,1952138388.200171
other metals 242,0.0,0.0,0.0,0.0,0.0,201011524.88038278,207145875.75757575,210032787.12041885,228144057.51670378,235774530.55390385,233155992.70616332,232112677.79966554,237187570.76219082,245803972.6961819,252869874.74606073,258838622.39871168,262257163.68334374,262801209.3329327,262657531.23287523,263310157.6274217,264916591.4114015,267411717.62116304,270105048.7380742,272217739.7797432,273778611.0750833,276495512.3705934,278559618.6472354,280181678.6625506,282836074.7443074,285618756.19604427,287023671.24819744,287476733.61518997,287839053.42495257,288528746.8542624,289264620.6622666,289197776.47481394
metal products except machinery and vehicles 25,0.0,0.0,0.0,0.0,0.0,0.0,0.0,0.0,0.0,0.0,0.0,0.0,0.0,0.0,0.0,0.0,0.0,0.0,0.0,0.0,0.0,0.0,0.0,0.0,0.0,0.0,0.0,0.0,0.0,0.0,0.0,0.0,0.0,0.0,0.0,0.0
computers and electronics 26,0.0,0.0,0.0,0.0,0.0,0.0,0.0,0.0,0.0,0.0,0.0,0.0,0.0,0.0,0.0,0.0,0.0,0.0,0.0,0.0,0.0,0.0,0.0,0.0,0.0,0.0,0.0,0.0,0.0,0.0,0.0,0.0,0.0,0.0,0.0,0.0
appliances and electrical equipment 27,0.0,0.0,0.0,0.0,0.0,0.0,0.0,0.0,0.0,0.0,0.0,0.0,0.0,0.0,0.0,0.0,0.0,0.0,0.0,0.0,0.0,0.0,0.0,0.0,0.0,0.0,0.0,0.0,0.0,0.0,0.0,0.0,0.0,0.0,0.0,0.0
other machinery 28,0.0,0.0,0.0,0.0,0.0,0.0,0.0,0.0,0.0,0.0,0.0,0.0,0.0,0.0,0.0,0.0,0.0,0.0,0.0,0.0,0.0,0.0,0.0,0.0,0.0,0.0,0.0,0.0,0.0,0.0,0.0,0.0,0.0,0.0,0.0,0.0
road vehicles 29,0.0,0.0,0.0,0.0,0.0,0.0,0.0,0.0,0.0,0.0,0.0,0.0,0.0,0.0,0.0,0.0,0.0,0.0,0.0,0.0,0.0,0.0,0.0,0.0,0.0,0.0,0.0,0.0,0.0,0.0,0.0,0.0,0.0,0.0,0.0,0.0
nonroad vehicles 30,0.0,0.0,0.0,0.0,0.0,0.0,0.0,0.0,0.0,0.0,0.0,0.0,0.0,0.0,0.0,0.0,0.0,0.0,0.0,0.0,0.0,0.0,0.0,0.0,0.0,0.0,0.0,0.0,0.0,0.0,0.0,0.0,0.0,0.0,0.0,0.0
other manufacturing 31T33,0.0,0.0,0.0,0.0,0.0,1141039267.4858222,1150573176.7485821,1251014231.4826884,1360175138.0593276,1338002695.019905,1301793955.8746042,1283384534.6355517,1280730374.0778172,1285337772.6559963,1304605778.887504,1328223521.2698576,1351157044.483824,1389976306.3140585,1423200184.8928282,1457574810.1755962,1486919583.3389444,1504564502.780326,1527167885.6298633,1560297288.13727,1580652083.195273,1611203113.3292353,1640976274.2370493,1666255706.3436453,1686200821.6583874,1705862355.7835894,1728589618.6286001,1767959008.7990043,1792542373.111583,1813815044.0816994,1837311047.1795607,1861382061.2031493
energy pipelines and gas processing 352T353,0.0,0.0,0.0,0.0,0.0,23431115.82459485,23341660.152526215,26930687.865739208,29448032.356532358,33818781.65339451,34445366.318446,34641604.1042608,36911076.3293102,39762145.410169624,40208539.814125516,40852336.737244405,40379216.22142907,39540419.513381556,38122086.89706124,37171981.07522712,36784537.65659935,36746841.01107655,36778709.19933488,36324599.02124206,36490074.692622334,36314067.46784153,35941725.32671672,35907409.91915332,36111496.423644274,36286356.95903645,36483588.444490254,36606828.66991956,36363470.9498714,36212125.75433496,36391714.82274265,36797484.93980789
water and waste 36T39,0.0,0.0,0.0,0.0,0.0,0.0,0.0,0.0,0.0,0.0,0.0,0.0,0.0,0.0,0.0,0.0,0.0,0.0,0.0,0.0,0.0,0.0,0.0,0.0,0.0,0.0,0.0,0.0,0.0,0.0,0.0,0.0,0.0,0.0,0.0,0.0
construction 41T43,0.0,0.0,0.0,0.0,0.0,0.0,0.0,0.0,0.0,0.0,0.0,0.0,0.0,0.0,0.0,0.0,0.0,0.0,0.0,0.0,0.0,0.0,0.0,0.0,0.0,0.0,0.0,0.0,0.0,0.0,0.0,0.0,0.0,0.0,0.0,0.0
