Pollutant:,OC,Unit: grams,,,,,,,,,,,,,,,,,,,,,,,,,,,,,,,,,,
,2015.0,2016.0,2017.0,2018.0,2019.0,2020.0,2021.0,2022.0,2023.0,2024.0,2025.0,2026.0,2027.0,2028.0,2029.0,2030.0,2031.0,2032.0,2033.0,2034.0,2035.0,2036.0,2037.0,2038.0,2039.0,2040.0,2041.0,2042.0,2043.0,2044.0,2045.0,2046.0,2047.0,2048.0,2049.0,2050.0
agriculture and forestry 01T03,0.0,0.0,0.0,0.0,0.0,452220.5513784461,455338.3458646616,458446.1152882205,484808.3989501312,495024.62462462595,500245.58518454066,504337.57613946067,508305.4661698282,511889.7888393155,515859.74167669174,519709.56526893604,518786.0465633567,519111.3807607464,516897.1605688205,515937.2985271697,514840.67595277086,514418.1055947585,513829.02068952733,513850.71817538823,513849.8872233406,513829.7318805128,513629.3908529518,514368.47718206135,514904.2286938093,515659.3642830477,517036.89369247115,521434.1817135775,525899.8220503187,530505.7938214759,534482.1476674887,538564.2148212795
coal mining 05,0.0,0.0,0.0,0.0,0.0,0.0,0.0,0.0,0.0,0.0,0.0,0.0,0.0,0.0,0.0,0.0,0.0,0.0,0.0,0.0,0.0,0.0,0.0,0.0,0.0,0.0,0.0,0.0,0.0,0.0,0.0,0.0,0.0,0.0,0.0,0.0
oil and gas extraction 06,0.0,0.0,0.0,0.0,0.0,348212.8241563055,354499.39609236235,335896.8664737495,336993.7006578947,364651.5556785192,370936.2727320669,358062.18999688316,365164.7227353605,376637.5847255155,384751.4437850197,395241.8166348171,402712.91639033536,408859.8350194568,411744.47256924206,412873.36359796464,415794.3142353417,415262.9093752159,416231.35005024646,417815.25798791606,418190.8949933897,425094.2643256571,426666.3466034408,430426.64894585754,431460.880604418,433338.06356244424,436489.94913642167,440012.3152955226,441603.560069928,439824.38106426765,441822.29637643497,445815.18327681377
other mining and quarrying 07T08,0.0,0.0,0.0,0.0,0.0,0.0,0.0,0.0,0.0,0.0,0.0,0.0,0.0,0.0,0.0,0.0,0.0,0.0,0.0,0.0,0.0,0.0,0.0,0.0,0.0,0.0,0.0,0.0,0.0,0.0,0.0,0.0,0.0,0.0,0.0,0.0
food beverage and tobacco 10T12,0.0,0.0,0.0,0.0,0.0,0.0,0.0,0.0,0.0,0.0,0.0,0.0,0.0,0.0,0.0,0.0,0.0,0.0,0.0,0.0,0.0,0.0,0.0,0.0,0.0,0.0,0.0,0.0,0.0,0.0,0.0,0.0,0.0,0.0,0.0,0.0
textiles apparel and leather 13T15,0.0,0.0,0.0,0.0,0.0,0.0,0.0,0.0,0.0,0.0,0.0,0.0,0.0,0.0,0.0,0.0,0.0,0.0,0.0,0.0,0.0,0.0,0.0,0.0,0.0,0.0,0.0,0.0,0.0,0.0,0.0,0.0,0.0,0.0,0.0,0.0
wood products 16,0.0,0.0,0.0,0.0,0.0,0.0,0.0,0.0,0.0,0.0,0.0,0.0,0.0,0.0,0.0,0.0,0.0,0.0,0.0,0.0,0.0,0.0,0.0,0.0,0.0,0.0,0.0,0.0,0.0,0.0,0.0,0.0,0.0,0.0,0.0,0.0
pulp paper and printing 17T18,0.0,0.0,0.0,0.0,0.0,35650710.49840933,36164646.87168611,38315342.098915525,39703814.84346169,39305139.91619571,39270864.820153266,39422351.46756337,39391560.66717749,39556675.42210561,39825985.73817564,40030226.06031193,40429777.76606051,40816266.92462004,41048801.26722918,41346518.833376125,41632624.5427533,41715368.27665802,41873569.637684025,42276121.6248826,42299125.92667345,42685356.6158436,43225033.030194655,43638037.81839743,43946776.09767221,44113783.958372384,44255111.329132184,44408286.8946394,44399245.400085084,44463918.31166346,44587323.47735147,44733295.19056182
refined petroleum and coke 19,0.0,0.0,0.0,0.0,0.0,19527.453431121037,19583.52081520768,19643.97497589904,18170.749871753946,23775.136447533332,24985.54500964072,26400.16924299626,27490.40208804746,27310.319625420336,26736.231117990214,26585.04356737161,26209.685809785078,26878.57928473216,27030.564282365413,26985.2037794313,27461.871213256756,27508.147761411074,27825.942587332884,27520.373366863165,27541.3066958748,27589.709386956292,27313.20131272053,27562.670398342787,27448.43769771882,27630.045174885334,27716.754225789635,29752.73082204851,29738.58776525186,28470.87505657624,27696.690884868993,27977.649542196657
chemicals 20,0.0,0.0,0.0,0.0,0.0,9927419.661505222,6934000.889457047,6490681.066520814,7065392.627627628,7893527.421426982,7025081.120089487,6433048.048553933,6710680.446488066,7018083.812864747,7321737.728434927,7591743.716797619,7786078.714314755,7971423.688572202,8244008.751936502,8467190.899898645,8659496.60701858,8921547.07114593,9170167.131037388,9369635.504524177,9516316.849744875,9683030.6772293,9856567.467975456,10193099.061577015,10538275.015978191,10802728.754916165,11104255.35524091,11238987.224674452,11302352.37943626,11356413.70802372,11542512.790767282,11783599.742585573
rubber and plastic products 22,0.0,0.0,0.0,0.0,0.0,0.0,0.0,0.0,0.0,0.0,0.0,0.0,0.0,0.0,0.0,0.0,0.0,0.0,0.0,0.0,0.0,0.0,0.0,0.0,0.0,0.0,0.0,0.0,0.0,0.0,0.0,0.0,0.0,0.0,0.0,0.0
glass and glass products 231,0.0,0.0,0.0,0.0,0.0,0.0,0.0,0.0,0.0,0.0,0.0,0.0,0.0,0.0,0.0,0.0,0.0,0.0,0.0,0.0,0.0,0.0,0.0,0.0,0.0,0.0,0.0,0.0,0.0,0.0,0.0,0.0,0.0,0.0,0.0,0.0
cement and other nonmetallic minerals 239,0.0,0.0,0.0,0.0,0.0,26582418.776485927,27817559.491470173,26525000.0,27650345.50839092,31458400.632576738,28631277.98707084,26505526.94084415,25189702.10671522,24115317.145495556,23791882.14274828,23424217.044228632,23096769.64651645,22802497.172179352,18917671.682409406,18194204.77510601,17390703.686945148,16623531.58327346,16146261.361508623,15742496.236815665,15089358.38171237,14668582.162211793,14211303.622004982,13817259.876557862,13521794.303972777,13303044.808320414,12959338.726028573,12739149.41844364,12541444.18972846,12330628.17204672,12181957.667417465,12070647.594254874
iron and steel 241,0.0,0.0,0.0,0.0,0.0,18661124.236252546,18876036.6598778,22265828.97862233,21673775.229357798,21011268.05464232,19607719.508823454,17639851.44660464,16905537.44900524,17140273.42723315,17195765.73027821,16997396.134479083,16630959.099850323,16012688.557562657,16013106.473259643,16285444.1832145,16359981.707370108,16531947.560599724,16714364.947063824,16871106.306107745,17073178.22907178,17218749.471943446,17268978.383744765,17440728.333430834,17761334.12209445,17947526.671639785,18004196.443340357,17951057.766241357,17740400.832507297,17497532.599880565,17507324.223598078,17670838.136309456
other metals 242,0.0,0.0,0.0,0.0,0.0,820929.1866028708,845981.8181818181,857771.9371727749,931738.1959910912,962900.9764712225,952206.8924045818,947946.0040894883,968671.8194590386,1003861.1243276222,1032718.2021786282,1057094.5117382137,1071055.8023549148,1073277.6796968123,1072690.8996806757,1075356.2197689123,1081916.8803101354,1092106.9524021207,1103106.4914801607,1111734.7019243755,1118109.2856883553,1129205.0851552298,1137634.8758737172,1144259.3537974886,1155099.8825563006,1166464.327565653,1172201.9874918517,1174052.289959021,1175532.0006716058,1178348.702182952,1181354.0039287435,1181081.012892696
metal products except machinery and vehicles 25,0.0,0.0,0.0,0.0,0.0,0.0,0.0,0.0,0.0,0.0,0.0,0.0,0.0,0.0,0.0,0.0,0.0,0.0,0.0,0.0,0.0,0.0,0.0,0.0,0.0,0.0,0.0,0.0,0.0,0.0,0.0,0.0,0.0,0.0,0.0,0.0
computers and electronics 26,0.0,0.0,0.0,0.0,0.0,0.0,0.0,0.0,0.0,0.0,0.0,0.0,0.0,0.0,0.0,0.0,0.0,0.0,0.0,0.0,0.0,0.0,0.0,0.0,0.0,0.0,0.0,0.0,0.0,0.0,0.0,0.0,0.0,0.0,0.0,0.0
appliances and electrical equipment 27,0.0,0.0,0.0,0.0,0.0,0.0,0.0,0.0,0.0,0.0,0.0,0.0,0.0,0.0,0.0,0.0,0.0,0.0,0.0,0.0,0.0,0.0,0.0,0.0,0.0,0.0,0.0,0.0,0.0,0.0,0.0,0.0,0.0,0.0,0.0,0.0
other machinery 28,0.0,0.0,0.0,0.0,0.0,0.0,0.0,0.0,0.0,0.0,0.0,0.0,0.0,0.0,0.0,0.0,0.0,0.0,0.0,0.0,0.0,0.0,0.0,0.0,0.0,0.0,0.0,0.0,0.0,0.0,0.0,0.0,0.0,0.0,0.0,0.0
road vehicles 29,0.0,0.0,0.0,0.0,0.0,0.0,0.0,0.0,0.0,0.0,0.0,0.0,0.0,0.0,0.0,0.0,0.0,0.0,0.0,0.0,0.0,0.0,0.0,0.0,0.0,0.0,0.0,0.0,0.0,0.0,0.0,0.0,0.0,0.0,0.0,0.0
nonroad vehicles 30,0.0,0.0,0.0,0.0,0.0,0.0,0.0,0.0,0.0,0.0,0.0,0.0,0.0,0.0,0.0,0.0,0.0,0.0,0.0,0.0,0.0,0.0,0.0,0.0,0.0,0.0,0.0,0.0,0.0,0.0,0.0,0.0,0.0,0.0,0.0,0.0
other manufacturing 31T33,0.0,0.0,0.0,0.0,0.0,71208724.00756143,71803705.73408948,78071920.64079356,84884314.47361813,83500601.02750117,81240925.84722385,80092050.92809933,79926412.99432,80213946.45885125,81416403.00615183,82890313.10452417,84321523.20534973,86744113.01502146,88817512.29898235,90962726.11797509,92794042.45633182,93895207.18785374,95305814.25181259,97373317.57699038,98643597.24642675,100550192.34349954,102408243.03319114,103985854.0368097,105230566.86328048,106457582.26667821,107875920.29718576,110332841.91143273,111867013.48150398,113194574.94163883,114660887.66859959,116163085.04517591
energy pipelines and gas processing 352T353,0.0,0.0,0.0,0.0,0.0,5813695.328884652,5791499.714013346,6682004.195649774,7306604.151404152,8391068.287090814,8546535.588248404,8595225.830201995,9158324.069849374,9865727.29903411,9976486.047381654,10136224.029674327,10018834.036240555,9810712.98302375,9458798.299658524,9223059.386510171,9126927.473290788,9117574.234903377,9125481.324715244,9012808.149398258,9053865.739013253,9010195.075259198,8917810.069661982,8909295.779256282,8959933.434190419,9003319.58299467,9052256.380297694,9082834.570780491,9022452.997368317,8984901.441440465,9029460.82717081,9130139.934894184
water and waste 36T39,0.0,0.0,0.0,0.0,0.0,0.0,0.0,0.0,0.0,0.0,0.0,0.0,0.0,0.0,0.0,0.0,0.0,0.0,0.0,0.0,0.0,0.0,0.0,0.0,0.0,0.0,0.0,0.0,0.0,0.0,0.0,0.0,0.0,0.0,0.0,0.0
construction 41T43,0.0,0.0,0.0,0.0,0.0,0.0,0.0,0.0,0.0,0.0,0.0,0.0,0.0,0.0,0.0,0.0,0.0,0.0,0.0,0.0,0.0,0.0,0.0,0.0,0.0,0.0,0.0,0.0,0.0,0.0,0.0,0.0,0.0,0.0,0.0,0.0
