Unit: incidents / ton pollutant,2024.0,2025.0,2026.0,2027.0,2028.0,2029.0,2030.0,2031.0,2032.0,2033.0,2034.0,2035.0,2036.0,2037.0,2038.0,2039.0,2040.0,2041.0,2042.0,2043.0,2044.0,2045.0,2046.0,2047.0,2048.0,2049.0,2050.0
Premature mortality,3.75323e-05,3.80873e-05,3.86422e-05,3.91972e-05,3.97522e-05,4.07475e-05,4.17428e-05,4.23885e-05,4.30341e-05,4.36798e-05,4.43255e-05,4.49712e-05,4.54516e-05,4.59321e-05,4.64126e-05,4.6893e-05,4.73735e-05,4.75972e-05,4.7821e-05,4.80447e-05,4.82684e-05,4.84922e-05,4.85093e-05,4.85264e-05,4.85435e-05,4.85606e-05,4.85777e-05
Infant mortality,1.16076e-07,1.14964e-07,1.13852e-07,1.12741e-07,1.11629e-07,7.40423e-08,3.64555e-08,3.61926e-08,3.59298e-08,3.5667e-08,3.54041e-08,3.51413e-08,3.49642e-08,3.47872e-08,3.46101e-08,3.4433e-08,3.42559e-08,3.40456e-08,3.38353e-08,3.36251e-08,3.34148e-08,3.32045e-08,3.29837e-08,3.27629e-08,3.2542e-08,3.23212e-08,3.21004e-08
Asthma symptoms albuturol use,0.537067,0.542231,0.547395,0.55256,0.557724,0.56373,0.569737,0.573877,0.578018,0.582159,0.586299,0.59044,0.591845,0.59325,0.594656,0.596061,0.597466,0.599291,0.601117,0.602942,0.604767,0.606593,0.608634,0.610675,0.612716,0.614757,0.616798
Asthma symptoms chest tightness,0.911373,0.923841,0.936309,0.948777,0.961245,0.971242,0.98124,0.984719,0.988198,0.991677,0.995156,0.998635,1.00261,1.00658,1.01055,1.01452,1.01849,1.02362,1.02874,1.03386,1.03899,1.04411,1.04886,1.05361,1.05836,1.06311,1.06786
Asthma symptoms cough,0.000103209,0.000104621,0.000106033,0.000107445,0.000108857,0.000109989,0.000111121,0.000111515,0.000111909,0.000112303,0.000112697,0.000113091,0.000113541,0.000113991,0.000114441,0.00011489,0.00011534,0.00011592,0.0001165,0.000117081,0.000117661,0.000118241,0.000118779,0.000119317,0.000119855,0.000120392,0.00012093
Asthma symptoms shortness of breath,0.000138986,0.000140888,0.000142789,0.00014469,0.000146592,0.000148116,0.000149641,0.000150172,0.000150702,0.000151233,0.000151763,0.000152294,0.0001529,0.000153505,0.000154111,0.000154717,0.000155322,0.000156104,0.000156885,0.000157666,0.000158447,0.000159229,0.000159953,0.000160677,0.000161402,0.000162126,0.00016285
Asthma symptoms wheeze,0.000212347,0.000215252,0.000218157,0.000221062,0.000223967,0.000226296,0.000228626,0.000229436,0.000230247,0.000231058,0.000231868,0.000232679,0.000233604,0.00023453,0.000235455,0.00023638,0.000237306,0.000238499,0.000239693,0.000240887,0.00024208,0.000243274,0.000244381,0.000245487,0.000246594,0.000247701,0.000248807
Asthma incidence,0.0245579,0.0247132,0.0248685,0.0250238,0.025179,0.0253321,0.0254852,0.0256217,0.0257581,0.0258946,0.0260311,0.0261675,0.0262904,0.0264133,0.0265362,0.0266591,0.0267821,0.0268952,0.0270083,0.0271214,0.0272346,0.0273477,0.0274518,0.0275558,0.0276599,0.027764,0.027868
Hay fever rhinitis incidence,0.15774,0.159222,0.160704,0.162186,0.163667,0.165302,0.166936,0.168204,0.169471,0.170739,0.172006,0.173273,0.173947,0.174621,0.175294,0.175968,0.176642,0.1774,0.178158,0.178916,0.179674,0.180432,0.181211,0.18199,0.182768,0.183547,0.184325
Respiratory emergency room visits,0.00946422,0.00955706,0.0096499,0.00974273,0.00983557,0.00993172,0.0100279,0.0101186,0.0102094,0.0103002,0.010391,0.0104817,0.010559,0.0106362,0.0107134,0.0107906,0.0108678,0.0109344,0.0110009,0.0110675,0.0111341,0.0112006,0.0112628,0.0113249,0.011387,0.0114491,0.0115113
Respiratory hospital admissions,3.6242e-06,3.71525e-06,3.8063e-06,3.89736e-06,3.98841e-06,4.0755e-06,4.1626e-06,4.23677e-06,4.31095e-06,4.38512e-06,4.45929e-06,4.53347e-06,4.58318e-06,4.63289e-06,4.6826e-06,4.73232e-06,4.78203e-06,4.80902e-06,4.83601e-06,4.863e-06,4.88999e-06,4.91697e-06,4.93579e-06,4.95461e-06,4.97343e-06,4.99225e-06,5.01107e-06
Non-fatal heart attacks,1.67898e-05,1.72695e-05,1.77492e-05,1.82289e-05,1.87086e-05,1.91572e-05,1.96059e-05,1.99607e-05,2.03156e-05,2.06704e-05,2.10253e-05,2.13801e-05,2.15939e-05,2.18077e-05,2.20214e-05,2.22352e-05,2.2449e-05,2.25471e-05,2.26451e-05,2.27432e-05,2.28413e-05,2.29394e-05,2.30056e-05,2.30718e-05,2.3138e-05,2.32042e-05,2.32704e-05
Minor restricted activity days,0.0109744,0.0109907,0.0110069,0.0110232,0.0110394,0.011069,0.0110986,0.0111569,0.0112152,0.0112734,0.0113317,0.01139,0.0114739,0.0115578,0.0116417,0.0117256,0.0118095,0.0118935,0.0119775,0.0120615,0.0121455,0.0122295,0.0123005,0.0123714,0.0124423,0.0125132,0.0125842
Work loss days,0.00185902,0.00186305,0.00186707,0.0018711,0.00187513,0.00188102,0.00188691,0.00189649,0.00190606,0.00191563,0.0019252,0.00193478,0.0019473,0.00195981,0.00197233,0.00198485,0.00199737,0.00201137,0.00202536,0.00203936,0.00205335,0.00206735,0.00207949,0.00209163,0.00210377,0.00211591,0.00212806
Lung cancer incidence,8.14366e-05,8.29751e-05,8.45135e-05,8.6052e-05,8.75904e-05,8.92331e-05,9.08757e-05,9.26234e-05,9.4371e-05,9.61187e-05,9.78663e-05,9.9614e-05,0.000101041,0.000102468,0.000103894,0.000105321,0.000106748,0.00010738,0.000108013,0.000108645,0.000109277,0.00010991,0.000110139,0.000110368,0.000110598,0.000110827,0.000111056
Cardiovascular hospital admissions,3.23761e-06,3.33267e-06,3.42774e-06,3.5228e-06,3.61787e-06,3.70822e-06,3.79857e-06,3.87474e-06,3.95092e-06,4.02709e-06,4.10326e-06,4.17944e-06,4.22712e-06,4.27481e-06,4.3225e-06,4.37019e-06,4.41787e-06,4.43987e-06,4.46187e-06,4.48387e-06,4.50587e-06,4.52787e-06,4.5403e-06,4.55273e-06,4.56516e-06,4.57759e-06,4.59002e-06
Alzheimers disease hospital admissions,0.00058108,0.000599872,0.000618664,0.000637456,0.000656248,0.00067613,0.000696011,0.000715747,0.000735482,0.000755218,0.000774954,0.000794689,0.00080837,0.000822051,0.000835731,0.000849412,0.000863093,0.000869072,0.000875051,0.00088103,0.000887008,0.000892987,0.000894052,0.000895118,0.000896183,0.000897248,0.000898313
Parkinsons disease hospital admissions,7.77332e-05,7.97258e-05,8.17184e-05,8.3711e-05,8.57036e-05,8.73431e-05,8.89826e-05,9.00211e-05,9.10596e-05,9.20981e-05,9.31366e-05,9.41751e-05,9.46165e-05,9.50579e-05,9.54993e-05,9.59407e-05,9.6382e-05,9.65911e-05,9.68001e-05,9.70091e-05,9.72181e-05,9.74271e-05,9.77763e-05,9.81255e-05,9.84746e-05,9.88238e-05,9.9173e-05
Stroke incidence,7.00723e-05,7.18845e-05,7.36967e-05,7.55089e-05,7.73211e-05,7.87924e-05,8.02636e-05,8.11325e-05,8.20015e-05,8.28705e-05,8.37394e-05,8.46084e-05,8.49517e-05,8.5295e-05,8.56383e-05,8.59816e-05,8.63249e-05,8.64662e-05,8.66076e-05,8.67489e-05,8.68902e-05,8.70316e-05,8.7355e-05,8.76785e-05,8.8002e-05,8.83255e-05,8.8649e-05
Out of hospital cardiac arrest incidence,1.65118e-05,1.67451e-05,1.69784e-05,1.72117e-05,1.7445e-05,1.76606e-05,1.78763e-05,1.80427e-05,1.82092e-05,1.83757e-05,1.85422e-05,1.87087e-05,1.88144e-05,1.89202e-05,1.9026e-05,1.91318e-05,1.92376e-05,1.93171e-05,1.93966e-05,1.9476e-05,1.95555e-05,1.9635e-05,1.97234e-05,1.98118e-05,1.99001e-05,1.99885e-05,2.00769e-05
Cardiac emergency room visits,0.00035199,0.000358201,0.000364412,0.000370623,0.000376834,0.000382884,0.000388934,0.000394715,0.000400496,0.000406277,0.000412059,0.00041784,0.000422289,0.000426737,0.000431186,0.000435635,0.000440084,0.000442938,0.000445792,0.000448647,0.000451501,0.000454355,0.000456322,0.000458288,0.000460254,0.000462221,0.000464187
School loss days,2.05121,2.07272,2.09422,2.11572,2.13723,2.16134,2.18545,2.20358,2.22171,2.23984,2.25797,2.27611,2.28478,2.29346,2.30214,2.31082,2.31949,2.32985,2.3402,2.35056,2.36091,2.37126,2.38215,2.39303,2.40392,2.4148,2.42569
,,,,,,,,,,,,,,,,,,,,,,,,,,,
Data for lookup functions (based on sheet name),,,,,,,,,,,,,,,,,,,,,,,,,,,
sector pollutant,Industry NO2,,,,,,,,,,,,,,,,,,,,,,,,,,
